{
  "results": {
    "cc-ocr-multi-lan": {
      " ": " ",
      "alias": "cc-ocr-multi-lan"
    },
    "cc-ocr-multi-lan-de": {
      "alias": " - cc-ocr-multi-lan-de",
      "ocr_results,none": {
        "macro_recall": 0.3733398410219878,
        "macro_precision": 0.49628757059669354,
        "macro_f1_score": 0.4009201682881673,
        "micro_recall": 0.1845730027547747,
        "micro_precision": 0.10051827605017723,
        "micro_f1_score": 0.13015452492975413
      },
      "ocr_results_stderr,none": "N/A"
    },
    "cc-ocr-multi-lan-es": {
      "alias": " - cc-ocr-multi-lan-es",
      "ocr_results,none": {
        "macro_recall": 0.503191775245486,
        "macro_precision": 0.6510869222076697,
        "macro_f1_score": 0.543453141273342,
        "micro_recall": 0.4279627163780485,
        "micro_precision": 0.21418099426893053,
        "micro_f1_score": 0.28548587626526195
      },
      "ocr_results_stderr,none": "N/A"
    },
    "cc-ocr-multi-lan-fr": {
      "alias": " - cc-ocr-multi-lan-fr",
      "ocr_results,none": {
        "macro_recall": 0.48458211895761716,
        "macro_precision": 0.6151945127883202,
        "macro_f1_score": 0.5209517304874844,
        "micro_recall": 0.24874843554435272,
        "micro_precision": 0.2368185880249518,
        "micro_f1_score": 0.24263695967114185
      },
      "ocr_results_stderr,none": "N/A"
    },
    "cc-ocr-multi-lan-it": {
      "alias": " - cc-ocr-multi-lan-it",
      "ocr_results,none": {
        "macro_recall": 0.3986345932865723,
        "macro_precision": 0.5877852655674307,
        "macro_f1_score": 0.4366583794881882,
        "micro_recall": 0.22960451977398535,
        "micro_precision": 0.19857324342810528,
        "micro_f1_score": 0.2129644180950683
      },
      "ocr_results_stderr,none": "N/A"
    },
    "cc-ocr-multi-lan-ko": {
      "alias": " - cc-ocr-multi-lan-ko",
      "ocr_results,none": {
        "macro_recall": 0.19038791434630584,
        "macro_precision": 0.3877034218011086,
        "macro_f1_score": 0.19680807859606594,
        "micro_recall": 0.15346980816272993,
        "micro_precision": 0.049101993738670933,
        "micro_f1_score": 0.07440002459917171
      },
      "ocr_results_stderr,none": "N/A"
    },
    "cc-ocr-multi-lan-pt": {
      "alias": " - cc-ocr-multi-lan-pt",
      "ocr_results,none": {
        "macro_recall": 0.5200677894516319,
        "macro_precision": 0.6453925694759849,
        "macro_f1_score": 0.5585363381553466,
        "micro_recall": 0.31351920042074866,
        "micro_precision": 0.1366032546412862,
        "micro_f1_score": 0.19029374159508963
      },
      "ocr_results_stderr,none": "N/A"
    },
    "cc-ocr-multi-lan-ru": {
      "alias": " - cc-ocr-multi-lan-ru",
      "ocr_results,none": {
        "macro_recall": 0.11236817128154296,
        "macro_precision": 0.1429054631779295,
        "macro_f1_score": 0.11536023586138819,
        "micro_recall": 0.061459353574911495,
        "micro_precision": 0.033896016205262135,
        "micro_f1_score": 0.043693967685211534
      },
      "ocr_results_stderr,none": "N/A"
    }
  },
  "group_subtasks": {
    "cc-ocr-multi-lan": [
      "cc-ocr-multi-lan-de",
      "cc-ocr-multi-lan-fr",
      "cc-ocr-multi-lan-it",
      "cc-ocr-multi-lan-ru",
      "cc-ocr-multi-lan-es",
      "cc-ocr-multi-lan-ko",
      "cc-ocr-multi-lan-pt"
    ]
  },
  "configs": {
    "cc-ocr-multi-lan-de": {
      "task": "cc-ocr-multi-lan-de",
      "dataset_path": "wulipc/CC-OCR",
      "dataset_name": "multi_lan_ocr",
      "dataset_kwargs": {
        "token": true
      },
      "test_split": "test",
      "full_docs": false,
      "process_results_use_image": false,
      "process_docs": "<function ccocr_process_docs_de at 0x7fbb2d5629e0>",
      "doc_to_visual": "<function ccocr_doc_to_visual at 0x7fbb2d562560>",
      "doc_to_text": "<function ccocr_doc_to_text at 0x7fbb2d5630a0>",
      "doc_to_target": "answer",
      "process_results": "<function ccocr_process_results at 0x7fbb2d563880>",
      "description": "",
      "target_delimiter": " ",
      "fewshot_delimiter": "\n\n",
      "num_fewshot": 0,
      "metric_list": [
        {
          "metric": "ocr_results",
          "aggregation": "<function ccocr_multi_lan_ocr_aggregate_results at 0x7fbb2d5900d0>",
          "higher_is_better": true
        }
      ],
      "output_type": "generate_until",
      "generation_kwargs": {
        "max_new_tokens": 1024,
        "temperature": 0.0,
        "do_sample": false,
        "until": [
          "\n\n"
        ]
      },
      "repeats": 1,
      "should_decontaminate": false,
      "metadata": [
        {
          "version": 0.0
        }
      ],
      "lmms_eval_specific_kwargs": {
        "default": {
          "post_prompt": "\nAnswer by providing the text in the image directly."
        },
        "post_prompt": "\nAnswer by providing the text in the image directly."
      }
    },
    "cc-ocr-multi-lan-es": {
      "task": "cc-ocr-multi-lan-es",
      "dataset_path": "wulipc/CC-OCR",
      "dataset_name": "multi_lan_ocr",
      "dataset_kwargs": {
        "token": true
      },
      "test_split": "test",
      "full_docs": false,
      "process_results_use_image": false,
      "process_docs": "<function ccocr_process_docs_es at 0x7fbb2d511480>",
      "doc_to_visual": "<function ccocr_doc_to_visual at 0x7fbb2d510ee0>",
      "doc_to_text": "<function ccocr_doc_to_text at 0x7fbb2d511e10>",
      "doc_to_target": "answer",
      "process_results": "<function ccocr_process_results at 0x7fbb2d5125f0>",
      "description": "",
      "target_delimiter": " ",
      "fewshot_delimiter": "\n\n",
      "num_fewshot": 0,
      "metric_list": [
        {
          "metric": "ocr_results",
          "aggregation": "<function ccocr_multi_lan_ocr_aggregate_results at 0x7fbb2d512dd0>",
          "higher_is_better": true
        }
      ],
      "output_type": "generate_until",
      "generation_kwargs": {
        "max_new_tokens": 1024,
        "temperature": 0.0,
        "do_sample": false,
        "until": [
          "\n\n"
        ]
      },
      "repeats": 1,
      "should_decontaminate": false,
      "metadata": [
        {
          "version": 0.0
        }
      ],
      "lmms_eval_specific_kwargs": {
        "default": {
          "post_prompt": "\nAnswer by providing the text directly."
        },
        "post_prompt": "\nAnswer by providing the text directly."
      }
    },
    "cc-ocr-multi-lan-fr": {
      "task": "cc-ocr-multi-lan-fr",
      "dataset_path": "wulipc/CC-OCR",
      "dataset_name": "multi_lan_ocr",
      "dataset_kwargs": {
        "token": true
      },
      "test_split": "test",
      "full_docs": false,
      "process_results_use_image": false,
      "process_docs": "<function ccocr_process_docs_fr at 0x7fbb2d560670>",
      "doc_to_visual": "<function ccocr_doc_to_visual at 0x7fbb2d54bb50>",
      "doc_to_text": "<function ccocr_doc_to_text at 0x7fbb2d560ca0>",
      "doc_to_target": "answer",
      "process_results": "<function ccocr_process_results at 0x7fbb2d561480>",
      "description": "",
      "target_delimiter": " ",
      "fewshot_delimiter": "\n\n",
      "num_fewshot": 0,
      "metric_list": [
        {
          "metric": "ocr_results",
          "aggregation": "<function ccocr_multi_lan_ocr_aggregate_results at 0x7fbb2d561c60>",
          "higher_is_better": true
        }
      ],
      "output_type": "generate_until",
      "generation_kwargs": {
        "max_new_tokens": 1024,
        "temperature": 0.0,
        "do_sample": false,
        "until": [
          "\n\n"
        ]
      },
      "repeats": 1,
      "should_decontaminate": false,
      "metadata": [
        {
          "version": 0.0
        }
      ],
      "lmms_eval_specific_kwargs": {
        "default": {
          "post_prompt": "\nAnswer by providing the text directly."
        },
        "post_prompt": "\nAnswer by providing the text directly."
      }
    },