{
  "results": {
    "cc-ocr-multi-lan": {
      " ": " ",
      "alias": "cc-ocr-multi-lan"
    },
    "cc-ocr-multi-lan-de": {
      "alias": " - cc-ocr-multi-lan-de",
      "ocr_results,none": {
        "macro_recall": 0.4740400327661947,
        "macro_precision": 0.5624186734322434,
        "macro_f1_score": 0.49199489384130596,
        "micro_recall": 0.20110192837460528,
        "micro_precision": 0.09275730622616463,
        "micro_f1_score": 0.1269565213070786
      },
      "ocr_results_stderr,none": "N/A"
    },
    "cc-ocr-multi-lan-es": {
      "alias": " - cc-ocr-multi-lan-es",
      "ocr_results,none": {
        "macro_recall": 0.5844782471012412,
        "macro_precision": 0.6553619837183985,
        "macro_f1_score": 0.5951488309617594,
        "micro_recall": 0.4282290279626023,
        "micro_precision": 0.16406489133760185,
        "micro_f1_score": 0.23723812293964217
      },
      "ocr_results_stderr,none": "N/A"
    },
    "cc-ocr-multi-lan-fr": {
      "alias": " - cc-ocr-multi-lan-fr",
      "ocr_results,none": {
        "macro_recall": 0.5883514048734727,
        "macro_precision": 0.6637040652745676,
        "macro_f1_score": 0.6082612949224526,
        "micro_recall": 0.37046307884844476,
        "micro_precision": 0.1888357256778008,
        "micro_f1_score": 0.2501584614161871
      },
      "ocr_results_stderr,none": "N/A"
    },
    "cc-ocr-multi-lan-it": {
      "alias": " - cc-ocr-multi-lan-it",
      "ocr_results,none": {
        "macro_recall": 0.4934185184280055,
        "macro_precision": 0.6038356966025284,
        "macro_f1_score": 0.5150346355797799,
        "micro_recall": 0.2599999999999706,
        "micro_precision": 0.1816101026045634,
        "micro_f1_score": 0.21384758315885755
      },
      "ocr_results_stderr,none": "N/A"
    },
    "cc-ocr-multi-lan-ko": {
      "alias": " - cc-ocr-multi-lan-ko",
      "ocr_results,none": {
        "macro_recall": 0.22578203698179575,
        "macro_precision": 0.2484350354665442,
        "macro_f1_score": 0.2010449725941524,
        "micro_recall": 0.18636539204324795,
        "micro_precision": 0.04009473159381696,
        "micro_f1_score": 0.06599193022900514
      },
      "ocr_results_stderr,none": "N/A"
    },
    "cc-ocr-multi-lan-pt": {
      "alias": " - cc-ocr-multi-lan-pt",
      "ocr_results,none": {
        "macro_recall": 0.5860678731091529,
        "macro_precision": 0.6601953999779663,
        "macro_f1_score": 0.6033611955745968,
        "micro_recall": 0.3726985796947994,
        "micro_precision": 0.15337157701048237,
        "micro_f1_score": 0.2173146226986007
      },
      "ocr_results_stderr,none": "N/A"
    },
    "cc-ocr-multi-lan-ru": {
      "alias": " - cc-ocr-multi-lan-ru",
      "ocr_results,none": {
        "macro_recall": 0.3097773981906148,
        "macro_precision": 0.33934500962691105,
        "macro_f1_score": 0.31542421237091284,
        "micro_recall": 0.15009794319291134,
        "micro_precision": 0.06689948706754699,
        "micro_f1_score": 0.09254925600890605
      },
      "ocr_results_stderr,none": "N/A"
    }
  },
  "group_subtasks": {
    "cc-ocr-multi-lan": [
      "cc-ocr-multi-lan-de",
      "cc-ocr-multi-lan-fr",
      "cc-ocr-multi-lan-it",
      "cc-ocr-multi-lan-ru",
      "cc-ocr-multi-lan-es",
      "cc-ocr-multi-lan-ko",
      "cc-ocr-multi-lan-pt"
    ]
  },
  "configs": {
    "cc-ocr-multi-lan-de": {
      "task": "cc-ocr-multi-lan-de",
      "dataset_path": "wulipc/CC-OCR",
      "dataset_name": "multi_lan_ocr",
      "dataset_kwargs": {
        "token": true
      },
      "test_split": "test",
      "full_docs": false,
      "process_results_use_image": false,
      "process_docs": "<function ccocr_process_docs_de at 0x7f100491aa70>",
      "doc_to_visual": "<function ccocr_doc_to_visual at 0x7f100491a5f0>",
      "doc_to_text": "<function ccocr_doc_to_text at 0x7f100491b130>",
      "doc_to_target": "answer",
      "process_results": "<function ccocr_process_results at 0x7f100491b910>",
      "description": "",
      "target_delimiter": " ",
      "fewshot_delimiter": "\n\n",
      "num_fewshot": 0,
      "metric_list": [
        {
          "metric": "ocr_results",
          "aggregation": "<function ccocr_multi_lan_ocr_aggregate_results at 0x7f1000110160>",
          "higher_is_better": true
        }
      ],
      "output_type": "generate_until",
      "generation_kwargs": {
        "max_new_tokens": 1024,
        "temperature": 0.0,
        "do_sample": false,
        "until": [
          "\n\n"
        ]
      },
      "repeats": 1,
      "should_decontaminate": false,
      "metadata": [
        {
          "version": 0.0
        }
      ],
      "lmms_eval_specific_kwargs": {
        "default": {
          "post_prompt": "\nAnswer by providing the text in the image directly."
        },
        "post_prompt": "\nAnswer by providing the text in the image directly."
      }
    },
    "cc-ocr-multi-lan-es": {
      "task": "cc-ocr-multi-lan-es",
      "dataset_path": "wulipc/CC-OCR",
      "dataset_name": "multi_lan_ocr",
      "dataset_kwargs": {
        "token": true
      },
      "test_split": "test",
      "full_docs": false,
      "process_results_use_image": false,
      "process_docs": "<function ccocr_process_docs_es at 0x7f10048c9510>",
      "doc_to_visual": "<function ccocr_doc_to_visual at 0x7f10048c8f70>",
      "doc_to_text": "<function ccocr_doc_to_text at 0x7f10048c9ea0>",
      "doc_to_target": "answer",
      "process_results": "<function ccocr_process_results at 0x7f10048ca680>",
      "description": "",
      "target_delimiter": " ",
      "fewshot_delimiter": "\n\n",
      "num_fewshot": 0,
      "metric_list": [
        {
          "metric": "ocr_results",
          "aggregation": "<function ccocr_multi_lan_ocr_aggregate_results at 0x7f10048cae60>",
          "higher_is_better": true
        }
      ],
      "output_type": "generate_until",
      "generation_kwargs": {
        "max_new_tokens": 1024,
        "temperature": 0.0,
        "do_sample": false,
        "until": [
          "\n\n"
        ]
      },
      "repeats": 1,
      "should_decontaminate": false,
      "metadata": [
        {
          "version": 0.0
        }
      ],
      "lmms_eval_specific_kwargs": {
        "default": {
          "post_prompt": "\nAnswer by providing the text directly."
        },
        "post_prompt": "\nAnswer by providing the text directly."
      }
    },
    "cc-ocr-multi-lan-fr": {
      "task": "cc-ocr-multi-lan-fr",
      "dataset_path": "wulipc/CC-OCR",
      "dataset_name": "multi_lan_ocr",
      "dataset_kwargs": {
        "token": true
      },
      "test_split": "test",
      "full_docs": false,
      "process_results_use_image": false,
      "process_docs": "<function ccocr_process_docs_fr at 0x7f1004918700>",
      "doc_to_visual": "<function ccocr_doc_to_visual at 0x7f10048ffac0>",
      "doc_to_text": "<function ccocr_doc_to_text at 0x7f1004918d30>",
      "doc_to_target": "answer",
      "process_results": "<function ccocr_process_results at 0x7f1004919510>",
      "description": "",
      "target_delimiter": " ",
      "fewshot_delimiter": "\n\n",
      "num_fewshot": 0,
      "metric_list": [
        {
          "metric": "ocr_results",
          "aggregation": "<function ccocr_multi_lan_ocr_aggregate_results at 0x7f1004919cf0>",
          "higher_is_better": true
        }
      ],
      "output_type": "generate_until",
      "generation_kwargs": {
        "max_new_tokens": 1024,
        "temperature": 0.0,
        "do_sample": false,
        "until": [
          "\n\n"
        ]
      },
      "repeats": 1,
      "should_decontaminate": false,
      "metadata": [
        {
          "version": 0.0
        }
      ],
      "lmms_eval_specific_kwargs": {
        "default": {
          "post_prompt": "\nAnswer by providing the text directly."
        },
        "post_prompt": "\nAnswer by providing the text directly."
      }
    },