{
  "results": {
    "cc-ocr-multi-lan": {
      " ": " ",
      "alias": "cc-ocr-multi-lan"
    },
    "cc-ocr-multi-lan-de": {
      "alias": " - cc-ocr-multi-lan-de",
      "ocr_results,none": {
        "macro_recall": 0.45586760309304175,
        "macro_precision": 0.5512061963371232,
        "macro_f1_score": 0.4768225113109863,
        "micro_recall": 0.20160280490853955,
        "micro_precision": 0.10085191681281623,
        "micro_f1_score": 0.13444676364731692
      },
      "ocr_results_stderr,none": "N/A"
    },
    "cc-ocr-multi-lan-es": {
      "alias": " - cc-ocr-multi-lan-es",
      "ocr_results,none": {
        "macro_recall": 0.5822388525170815,
        "macro_precision": 0.6811558021286537,
        "macro_f1_score": 0.6063407338226315,
        "micro_recall": 0.4980026631157129,
        "micro_precision": 0.25229357798161733,
        "micro_f1_score": 0.33491537521399056
      },
      "ocr_results_stderr,none": "N/A"
    },
    "cc-ocr-multi-lan-fr": {
      "alias": " - cc-ocr-multi-lan-fr",
      "ocr_results,none": {
        "macro_recall": 0.5897207735123079,
        "macro_precision": 0.649135289747681,
        "macro_f1_score": 0.5984718350100737,
        "micro_recall": 0.3219649561951433,
        "micro_precision": 0.18957258658802695,
        "micro_f1_score": 0.23863636316980025
      },
      "ocr_results_stderr,none": "N/A"
    },
    "cc-ocr-multi-lan-it": {
      "alias": " - cc-ocr-multi-lan-it",
      "ocr_results,none": {
        "macro_recall": 0.4970010052257598,
        "macro_precision": 0.6162956683145424,
        "macro_f1_score": 0.5166001303675473,
        "micro_recall": 0.2872316384180466,
        "micro_precision": 0.19748290863889081,
        "micro_f1_score": 0.23404842968008857
      },
      "ocr_results_stderr,none": "N/A"
    },
    "cc-ocr-multi-lan-ko": {
      "alias": " - cc-ocr-multi-lan-ko",
      "ocr_results,none": {
        "macro_recall": 0.20917197882589653,
        "macro_precision": 0.3094755592518843,
        "macro_f1_score": 0.20119856537110745,
        "micro_recall": 0.16100167374789745,
        "micro_precision": 0.04185704004953822,
        "micro_f1_score": 0.06644085774513266
      },
      "ocr_results_stderr,none": "N/A"
    },
    "cc-ocr-multi-lan-pt": {
      "alias": " - cc-ocr-multi-lan-pt",
      "ocr_results,none": {
        "macro_recall": 0.6242597313002266,
        "macro_precision": 0.6903052916015168,
        "macro_f1_score": 0.6376827896082876,
        "micro_recall": 0.4316149395054099,
        "micro_precision": 0.17273684210524495,
        "micro_f1_score": 0.24672981465711133
      },
      "ocr_results_stderr,none": "N/A"
    },
    "cc-ocr-multi-lan-ru": {
      "alias": " - cc-ocr-multi-lan-ru",
      "ocr_results,none": {
        "macro_recall": 0.2620280566537776,
        "macro_precision": 0.29733889851472345,
        "macro_f1_score": 0.2699559924652591,
        "micro_recall": 0.13099902056803844,
        "micro_precision": 0.07239512855208763,
        "micro_f1_score": 0.09325431364293985
      },
      "ocr_results_stderr,none": "N/A"
    }
  },
  "group_subtasks": {
    "cc-ocr-multi-lan": [
      "cc-ocr-multi-lan-de",
      "cc-ocr-multi-lan-fr",
      "cc-ocr-multi-lan-it",
      "cc-ocr-multi-lan-ru",
      "cc-ocr-multi-lan-es",
      "cc-ocr-multi-lan-ko",
      "cc-ocr-multi-lan-pt"
    ]
  },
  "configs": {
    "cc-ocr-multi-lan-de": {
      "task": "cc-ocr-multi-lan-de",
      "dataset_path": "wulipc/CC-OCR",
      "dataset_name": "multi_lan_ocr",
      "dataset_kwargs": {
        "token": true
      },
      "test_split": "test",
      "full_docs": false,
      "process_results_use_image": false,
      "process_docs": "<function ccocr_process_docs_de at 0x7f1c68396a70>",
      "doc_to_visual": "<function ccocr_doc_to_visual at 0x7f1c68396560>",
      "doc_to_text": "<function ccocr_doc_to_text at 0x7f1c683971c0>",
      "doc_to_target": "answer",
      "process_results": "<function ccocr_process_results at 0x7f1c683979a0>",
      "description": "",
      "target_delimiter": " ",
      "fewshot_delimiter": "\n\n",
      "num_fewshot": 0,
      "metric_list": [
        {
          "metric": "ocr_results",
          "aggregation": "<function ccocr_multi_lan_ocr_aggregate_results at 0x7f1c681c41f0>",
          "higher_is_better": true
        }
      ],
      "output_type": "generate_until",
      "generation_kwargs": {
        "max_new_tokens": 1024,
        "temperature": 0.0,
        "do_sample": false,
        "until": [
          "\n\n"
        ]
      },
      "repeats": 1,
      "should_decontaminate": false,
      "metadata": [
        {
          "version": 0.0
        }
      ],
      "lmms_eval_specific_kwargs": {
        "default": {
          "post_prompt": "\nAnswer by providing the text in the image directly."
        },
        "post_prompt": "\nAnswer by providing the text in the image directly."
      }
    },
    "cc-ocr-multi-lan-es": {
      "task": "cc-ocr-multi-lan-es",
      "dataset_path": "wulipc/CC-OCR",
      "dataset_name": "multi_lan_ocr",
      "dataset_kwargs": {
        "token": true
      },
      "test_split": "test",
      "full_docs": false,
      "process_results_use_image": false,
      "process_docs": "<function ccocr_process_docs_es at 0x7f1c68345510>",
      "doc_to_visual": "<function ccocr_doc_to_visual at 0x7f1c68344f70>",
      "doc_to_text": "<function ccocr_doc_to_text at 0x7f1c68345ea0>",
      "doc_to_target": "answer",
      "process_results": "<function ccocr_process_results at 0x7f1c68346680>",
      "description": "",
      "target_delimiter": " ",
      "fewshot_delimiter": "\n\n",
      "num_fewshot": 0,
      "metric_list": [
        {
          "metric": "ocr_results",
          "aggregation": "<function ccocr_multi_lan_ocr_aggregate_results at 0x7f1c68346e60>",
          "higher_is_better": true
        }
      ],
      "output_type": "generate_until",
      "generation_kwargs": {
        "max_new_tokens": 1024,
        "temperature": 0.0,
        "do_sample": false,
        "until": [
          "\n\n"
        ]
      },
      "repeats": 1,
      "should_decontaminate": false,
      "metadata": [
        {
          "version": 0.0
        }
      ],
      "lmms_eval_specific_kwargs": {
        "default": {
          "post_prompt": "\nAnswer by providing the text directly."
        },
        "post_prompt": "\nAnswer by providing the text directly."
      }
    },
    "cc-ocr-multi-lan-fr": {
      "task": "cc-ocr-multi-lan-fr",
      "dataset_path": "wulipc/CC-OCR",
      "dataset_name": "multi_lan_ocr",
      "dataset_kwargs": {
        "token": true
      },
      "test_split": "test",
      "full_docs": false,
      "process_results_use_image": false,
      "process_docs": "<function ccocr_process_docs_fr at 0x7f1c68394700>",
      "doc_to_visual": "<function ccocr_doc_to_visual at 0x7f1c6837bb50>",
      "doc_to_text": "<function ccocr_doc_to_text at 0x7f1c68394d30>",
      "doc_to_target": "answer",
      "process_results": "<function ccocr_process_results at 0x7f1c68395510>",
      "description": "",
      "target_delimiter": " ",
      "fewshot_delimiter": "\n\n",
      "num_fewshot": 0,
      "metric_list": [
        {
          "metric": "ocr_results",
          "aggregation": "<function ccocr_multi_lan_ocr_aggregate_results at 0x7f1c68395cf0>",
          "higher_is_better": true
        }
      ],
      "output_type": "generate_until",
      "generation_kwargs": {
        "max_new_tokens": 1024,
        "temperature": 0.0,
        "do_sample": false,
        "until": [
          "\n\n"
        ]
      },
      "repeats": 1,
      "should_decontaminate": false,
      "metadata": [
        {
          "version": 0.0
        }
      ],
      "lmms_eval_specific_kwargs": {
        "default": {
          "post_prompt": "\nAnswer by providing the text directly."
        },
        "post_prompt": "\nAnswer by providing the text directly."
      }
    },