{
  "results": {
    "cc-ocr-multi-lan": {
      " ": " ",
      "alias": "cc-ocr-multi-lan"
    },
    "cc-ocr-multi-lan-de": {
      "alias": " - cc-ocr-multi-lan-de",
      "ocr_results,none": {
        "macro_recall": 0.43048589401129844,
        "macro_precision": 0.5664020755778162,
        "macro_f1_score": 0.45915344368437583,
        "micro_recall": 0.1760581016778923,
        "micro_precision": 0.09961740116195272,
        "micro_f1_score": 0.12723981854294536
      },
      "ocr_results_stderr,none": "N/A"
    },
    "cc-ocr-multi-lan-es": {
      "alias": " - cc-ocr-multi-lan-es",
      "ocr_results,none": {
        "macro_recall": 0.5421720664771724,
        "macro_precision": 0.7261999406523916,
        "macro_f1_score": 0.5862074606152942,
        "micro_recall": 0.39147802929417,
        "micro_precision": 0.3432173710015542,
        "micro_f1_score": 0.3657626270213499
      },
      "ocr_results_stderr,none": "N/A"
    },
    "cc-ocr-multi-lan-fr": {
      "alias": " - cc-ocr-multi-lan-fr",
      "ocr_results,none": {
        "macro_recall": 0.5594089385670584,
        "macro_precision": 0.6979705555447658,
        "macro_f1_score": 0.5997313525521145,
        "micro_recall": 0.3191489361701129,
        "micro_precision": 0.235077206729607,
        "micro_f1_score": 0.270736562218799
      },
      "ocr_results_stderr,none": "N/A"
    },
    "cc-ocr-multi-lan-it": {
      "alias": " - cc-ocr-multi-lan-it",
      "ocr_results,none": {
        "macro_recall": 0.4566809948817971,
        "macro_precision": 0.6815185973166331,
        "macro_f1_score": 0.5064925506722907,
        "micro_recall": 0.23457627118641416,
        "micro_precision": 0.39015222702492197,
        "micro_f1_score": 0.29299273116599583
      },
      "ocr_results_stderr,none": "N/A"
    },
    "cc-ocr-multi-lan-ko": {
      "alias": " - cc-ocr-multi-lan-ko",
      "ocr_results,none": {
        "macro_recall": 0.17501546904745197,
        "macro_precision": 0.4241140646277772,
        "macro_f1_score": 0.2187367040489236,
        "micro_recall": 0.13769795287755004,
        "micro_precision": 0.07902028150282318,
        "micro_f1_score": 0.10041546323638903
      },
      "ocr_results_stderr,none": "N/A"
    },
    "cc-ocr-multi-lan-pt": {
      "alias": " - cc-ocr-multi-lan-pt",
      "ocr_results,none": {
        "macro_recall": 0.5537222288206254,
        "macro_precision": 0.7019265442693791,
        "macro_f1_score": 0.5971935638415251,
        "micro_recall": 0.36586007364535356,
        "micro_precision": 0.16638755980859252,
        "micro_f1_score": 0.22874527172937445
      },
      "ocr_results_stderr,none": "N/A"
    },
    "cc-ocr-multi-lan-ru": {
      "alias": " - cc-ocr-multi-lan-ru",
      "ocr_results,none": {
        "macro_recall": 0.20151411562832475,
        "macro_precision": 0.25896693093950635,
        "macro_f1_score": 0.2164523844246386,
        "micro_recall": 0.12022526934375118,
        "micro_precision": 0.12081692913382854,
        "micro_f1_score": 0.12052037259766613
      },
      "ocr_results_stderr,none": "N/A"
    }
  },
  "group_subtasks": {
    "cc-ocr-multi-lan": [
      "cc-ocr-multi-lan-de",
      "cc-ocr-multi-lan-fr",
      "cc-ocr-multi-lan-it",
      "cc-ocr-multi-lan-ru",
      "cc-ocr-multi-lan-es",
      "cc-ocr-multi-lan-ko",
      "cc-ocr-multi-lan-pt"
    ]
  },
  "configs": {
    "cc-ocr-multi-lan-de": {
      "task": "cc-ocr-multi-lan-de",
      "dataset_path": "wulipc/CC-OCR",
      "dataset_name": "multi_lan_ocr",
      "dataset_kwargs": {
        "token": true
      },
      "test_split": "test",
      "full_docs": false,
      "process_results_use_image": false,
      "process_docs": "<function ccocr_process_docs_de at 0x7f3976bb0af0>",
      "doc_to_visual": "<function ccocr_doc_to_visual at 0x7f3976beaa70>",
      "doc_to_text": "<function ccocr_doc_to_text at 0x7f3976beb2e0>",
      "doc_to_target": "answer",
      "process_results": "<function ccocr_process_results at 0x7f3976bea3b0>",
      "description": "",
      "target_delimiter": " ",
      "fewshot_delimiter": "\n\n",
      "num_fewshot": 0,
      "metric_list": [
        {
          "metric": "ocr_results",
          "aggregation": "<function ccocr_multi_lan_ocr_aggregate_results at 0x7f3976bcc310>",
          "higher_is_better": true
        }
      ],
      "output_type": "generate_until",
      "generation_kwargs": {
        "max_new_tokens": 1024,
        "temperature": 0.0,
        "do_sample": false,
        "until": [
          "\n\n"
        ]
      },
      "repeats": 1,
      "should_decontaminate": false,
      "metadata": [
        {
          "version": 0.0
        }
      ],
      "lmms_eval_specific_kwargs": {
        "default": {
          "post_prompt": "\nAnswer by providing the text in the image directly."
        },
        "post_prompt": "\nAnswer by providing the text in the image directly."
      }
    },
    "cc-ocr-multi-lan-es": {
      "task": "cc-ocr-multi-lan-es",
      "dataset_path": "wulipc/CC-OCR",
      "dataset_name": "multi_lan_ocr",
      "dataset_kwargs": {
        "token": true
      },
      "test_split": "test",
      "full_docs": false,
      "process_results_use_image": false,
      "process_docs": "<function ccocr_process_docs_es at 0x7f3976c54940>",
      "doc_to_visual": "<function ccocr_doc_to_visual at 0x7f3976d28dc0>",
      "doc_to_text": "<function ccocr_doc_to_text at 0x7f3976d29630>",
      "doc_to_target": "answer",
      "process_results": "<function ccocr_process_results at 0x7f3976d29ea0>",
      "description": "",
      "target_delimiter": " ",
      "fewshot_delimiter": "\n\n",
      "num_fewshot": 0,
      "metric_list": [
        {
          "metric": "ocr_results",
          "aggregation": "<function ccocr_multi_lan_ocr_aggregate_results at 0x7f3976d2a710>",
          "higher_is_better": true
        }
      ],
      "output_type": "generate_until",
      "generation_kwargs": {
        "max_new_tokens": 1024,
        "temperature": 0.0,
        "do_sample": false,
        "until": [
          "\n\n"
        ]
      },
      "repeats": 1,
      "should_decontaminate": false,
      "metadata": [
        {
          "version": 0.0
        }
      ],
      "lmms_eval_specific_kwargs": {
        "default": {
          "post_prompt": "\nAnswer by providing the text directly."
        },
        "post_prompt": "\nAnswer by providing the text directly."
      }
    },
    "cc-ocr-multi-lan-fr": {
      "task": "cc-ocr-multi-lan-fr",
      "dataset_path": "wulipc/CC-OCR",
      "dataset_name": "multi_lan_ocr",
      "dataset_kwargs": {
        "token": true
      },
      "test_split": "test",
      "full_docs": false,
      "process_results_use_image": false,
      "process_docs": "<function ccocr_process_docs_fr at 0x7f3976bb3be0>",
      "doc_to_visual": "<function ccocr_doc_to_visual at 0x7f3976be85e0>",
      "doc_to_text": "<function ccocr_doc_to_text at 0x7f3976be8e50>",
      "doc_to_target": "answer",
      "process_results": "<function ccocr_process_results at 0x7f3976be96c0>",
      "description": "",
      "target_delimiter": " ",
      "fewshot_delimiter": "\n\n",
      "num_fewshot": 0,
      "metric_list": [
        {
          "metric": "ocr_results",
          "aggregation": "<function ccocr_multi_lan_ocr_aggregate_results at 0x7f3976be9f30>",
          "higher_is_better": true
        }
      ],
      "output_type": "generate_until",
      "generation_kwargs": {
        "max_new_tokens": 1024,
        "temperature": 0.0,
        "do_sample": false,
        "until": [
          "\n\n"
        ]
      },
      "repeats": 1,
      "should_decontaminate": false,
      "metadata": [
        {
          "version": 0.0
        }
      ],
      "lmms_eval_specific_kwargs": {
        "default": {
          "post_prompt": "\nAnswer by providing the text directly."
        },
        "post_prompt": "\nAnswer by providing the text directly."
      }
    },