{
  "results": {
    "cc-ocr-multi-lan": {
      " ": " ",
      "alias": "cc-ocr-multi-lan"
    },
    "cc-ocr-multi-lan-de": {
      "alias": " - cc-ocr-multi-lan-de",
      "ocr_results,none": {
        "macro_recall": 0.28752541247484303,
        "macro_precision": 0.3978728125292259,
        "macro_f1_score": 0.3121069982307517,
        "micro_recall": 0.13198096669167744,
        "micro_precision": 0.07928388746801876,
        "micro_f1_score": 0.09906014990703042
      },
      "ocr_results_stderr,none": "N/A"
    },
    "cc-ocr-multi-lan-es": {
      "alias": " - cc-ocr-multi-lan-es",
      "ocr_results,none": {
        "macro_recall": 0.47882730546448576,
        "macro_precision": 0.6636843388811053,
        "macro_f1_score": 0.5176598833240581,
        "micro_recall": 0.3025299600531817,
        "micro_precision": 0.22226570142824842,
        "micro_f1_score": 0.25625986867473305
      },
      "ocr_results_stderr,none": "N/A"
    },
    "cc-ocr-multi-lan-fr": {
      "alias": " - cc-ocr-multi-lan-fr",
      "ocr_results,none": {
        "macro_recall": 0.4331311453102644,
        "macro_precision": 0.5974699431736227,
        "macro_f1_score": 0.469783059555269,
        "micro_recall": 0.20588235294111204,
        "micro_precision": 0.14680946006243933,
        "micro_f1_score": 0.17139880128527665
      },
      "ocr_results_stderr,none": "N/A"
    },
    "cc-ocr-multi-lan-it": {
      "alias": " - cc-ocr-multi-lan-it",
      "ocr_results,none": {
        "macro_recall": 0.33330484443632874,
        "macro_precision": 0.5548682198456494,
        "macro_f1_score": 0.37190358951393454,
        "micro_recall": 0.16813559322031998,
        "micro_precision": 0.15517780790487484,
        "micro_f1_score": 0.1613970383857577
      },
      "ocr_results_stderr,none": "N/A"
    },
    "cc-ocr-multi-lan-ko": {
      "alias": " - cc-ocr-multi-lan-ko",
      "ocr_results,none": {
        "macro_recall": 0.17736935805448426,
        "macro_precision": 0.5412700411129691,
        "macro_f1_score": 0.23158973311294442,
        "micro_recall": 0.14329857087677716,
        "micro_precision": 0.07497221380215975,
        "micro_f1_score": 0.09844112724385008
      },
      "ocr_results_stderr,none": "N/A"
    },
    "cc-ocr-multi-lan-pt": {
      "alias": " - cc-ocr-multi-lan-pt",
      "ocr_results,none": {
        "macro_recall": 0.4414746328159309,
        "macro_precision": 0.5961109695620442,
        "macro_f1_score": 0.4764460848614979,
        "micro_recall": 0.24907943187789347,
        "micro_precision": 0.1524959742350801,
        "micro_f1_score": 0.1891729919379941
      },
      "ocr_results_stderr,none": "N/A"
    },
    "cc-ocr-multi-lan-ru": {
      "alias": " - cc-ocr-multi-lan-ru",
      "ocr_results,none": {
        "macro_recall": 0.03565137979003335,
        "macro_precision": 0.07293684668816953,
        "macro_f1_score": 0.03786202412135645,
        "micro_recall": 0.024730656219386696,
        "micro_precision": 0.01162523020257693,
        "micro_f1_score": 0.015815846730643936
      },
      "ocr_results_stderr,none": "N/A"
    }
  },
  "group_subtasks": {
    "cc-ocr-multi-lan": [
      "cc-ocr-multi-lan-de",
      "cc-ocr-multi-lan-fr",
      "cc-ocr-multi-lan-it",
      "cc-ocr-multi-lan-ru",
      "cc-ocr-multi-lan-es",
      "cc-ocr-multi-lan-ko",
      "cc-ocr-multi-lan-pt"
    ]
  },
  "configs": {
    "cc-ocr-multi-lan-de": {
      "task": "cc-ocr-multi-lan-de",
      "dataset_path": "wulipc/CC-OCR",
      "dataset_name": "multi_lan_ocr",
      "dataset_kwargs": {
        "token": true
      },
      "test_split": "test",
      "full_docs": false,
      "process_results_use_image": false,
      "process_docs": "<function ccocr_process_docs_de at 0x7f9725f0ea70>",
      "doc_to_visual": "<function ccocr_doc_to_visual at 0x7f9725f0e5f0>",
      "doc_to_text": "<function ccocr_doc_to_text at 0x7f9725f0f130>",
      "doc_to_target": "answer",
      "process_results": "<function ccocr_process_results at 0x7f9725f0f910>",
      "description": "",
      "target_delimiter": " ",
      "fewshot_delimiter": "\n\n",
      "num_fewshot": 0,
      "metric_list": [
        {
          "metric": "ocr_results",
          "aggregation": "<function ccocr_multi_lan_ocr_aggregate_results at 0x7f9721708160>",
          "higher_is_better": true
        }
      ],
      "output_type": "generate_until",
      "generation_kwargs": {
        "max_new_tokens": 1024,
        "temperature": 0.0,
        "do_sample": false,
        "until": [
          "\n\n"
        ]
      },
      "repeats": 1,
      "should_decontaminate": false,
      "metadata": [
        {
          "version": 0.0
        }
      ],
      "lmms_eval_specific_kwargs": {
        "default": {
          "post_prompt": "\nAnswer by providing the text in the image directly."
        },
        "post_prompt": "\nAnswer by providing the text in the image directly."
      }
    },
    "cc-ocr-multi-lan-es": {
      "task": "cc-ocr-multi-lan-es",
      "dataset_path": "wulipc/CC-OCR",
      "dataset_name": "multi_lan_ocr",
      "dataset_kwargs": {
        "token": true
      },
      "test_split": "test",
      "full_docs": false,
      "process_results_use_image": false,
      "process_docs": "<function ccocr_process_docs_es at 0x7f9725ebd510>",
      "doc_to_visual": "<function ccocr_doc_to_visual at 0x7f9725ebcf70>",
      "doc_to_text": "<function ccocr_doc_to_text at 0x7f9725ebdea0>",
      "doc_to_target": "answer",
      "process_results": "<function ccocr_process_results at 0x7f9725ebe680>",
      "description": "",
      "target_delimiter": " ",
      "fewshot_delimiter": "\n\n",
      "num_fewshot": 0,
      "metric_list": [
        {
          "metric": "ocr_results",
          "aggregation": "<function ccocr_multi_lan_ocr_aggregate_results at 0x7f9725ebee60>",
          "higher_is_better": true
        }
      ],
      "output_type": "generate_until",
      "generation_kwargs": {
        "max_new_tokens": 1024,
        "temperature": 0.0,
        "do_sample": false,
        "until": [
          "\n\n"
        ]
      },
      "repeats": 1,
      "should_decontaminate": false,
      "metadata": [
        {
          "version": 0.0
        }
      ],
      "lmms_eval_specific_kwargs": {
        "default": {
          "post_prompt": "\nAnswer by providing the text directly."
        },
        "post_prompt": "\nAnswer by providing the text directly."
      }
    },
    "cc-ocr-multi-lan-fr": {
      "task": "cc-ocr-multi-lan-fr",
      "dataset_path": "wulipc/CC-OCR",
      "dataset_name": "multi_lan_ocr",
      "dataset_kwargs": {
        "token": true
      },
      "test_split": "test",
      "full_docs": false,
      "process_results_use_image": false,
      "process_docs": "<function ccocr_process_docs_fr at 0x7f9725f0c700>",
      "doc_to_visual": "<function ccocr_doc_to_visual at 0x7f9725ef7ac0>",
      "doc_to_text": "<function ccocr_doc_to_text at 0x7f9725f0cd30>",
      "doc_to_target": "answer",
      "process_results": "<function ccocr_process_results at 0x7f9725f0d510>",
      "description": "",
      "target_delimiter": " ",
      "fewshot_delimiter": "\n\n",
      "num_fewshot": 0,
      "metric_list": [
        {
          "metric": "ocr_results",
          "aggregation": "<function ccocr_multi_lan_ocr_aggregate_results at 0x7f9725f0dcf0>",
          "higher_is_better": true
        }
      ],
      "output_type": "generate_until",
      "generation_kwargs": {
        "max_new_tokens": 1024,
        "temperature": 0.0,
        "do_sample": false,
        "until": [
          "\n\n"
        ]
      },
      "repeats": 1,
      "should_decontaminate": false,
      "metadata": [
        {
          "version": 0.0
        }
      ],
      "lmms_eval_specific_kwargs": {
        "default": {
          "post_prompt": "\nAnswer by providing the text directly."
        },
        "post_prompt": "\nAnswer by providing the text directly."
      }
    },