{
  "results": {
    "cc-ocr-multi-lan": {
      " ": " ",
      "alias": "cc-ocr-multi-lan"
    },
    "cc-ocr-multi-lan-de": {
      "alias": " - cc-ocr-multi-lan-de",
      "ocr_results,none": {
        "macro_recall": 0.39992998326754975,
        "macro_precision": 0.5285391132900017,
        "macro_f1_score": 0.43242469435974085,
        "micro_recall": 0.19083395942895295,
        "micro_precision": 0.13894967177240353,
        "micro_f1_score": 0.1608103825449474
      },
      "ocr_results_stderr,none": "N/A"
    },
    "cc-ocr-multi-lan-es": {
      "alias": " - cc-ocr-multi-lan-es",
      "ocr_results,none": {
        "macro_recall": 0.5395449183323544,
        "macro_precision": 0.706801246458515,
        "macro_f1_score": 0.5844968076548722,
        "micro_recall": 0.40452729693730904,
        "micro_precision": 0.40026350461122523,
        "micro_f1_score": 0.40238410546017234
      },
      "ocr_results_stderr,none": "N/A"
    },
    "cc-ocr-multi-lan-fr": {
      "alias": " - cc-ocr-multi-lan-fr",
      "ocr_results,none": {
        "macro_recall": 0.5236284492847201,
        "macro_precision": 0.6538996430155204,
        "macro_f1_score": 0.5586473352358755,
        "micro_recall": 0.2612640801000434,
        "micro_precision": 0.15793455645920976,
        "micro_f1_score": 0.19686431639936516
      },
      "ocr_results_stderr,none": "N/A"
    },
    "cc-ocr-multi-lan-it": {
      "alias": " - cc-ocr-multi-lan-it",
      "ocr_results,none": {
        "macro_recall": 0.41819201200047373,
        "macro_precision": 0.6111760801774161,
        "macro_f1_score": 0.45760899757829065,
        "micro_recall": 0.22361581920901427,
        "micro_precision": 0.2201579708532406,
        "micro_f1_score": 0.22187342289817802
      },
      "ocr_results_stderr,none": "N/A"
    },
    "cc-ocr-multi-lan-ko": {
      "alias": " - cc-ocr-multi-lan-ko",
      "ocr_results,none": {
        "macro_recall": 0.1673244306832736,
        "macro_precision": 0.3754302489461392,
        "macro_f1_score": 0.17826288435162596,
        "micro_recall": 0.13550920561348426,
        "micro_precision": 0.04670927084720085,
        "micro_f1_score": 0.06947194681346085
      },
      "ocr_results_stderr,none": "N/A"
    },
    "cc-ocr-multi-lan-pt": {
      "alias": " - cc-ocr-multi-lan-pt",
      "ocr_results,none": {
        "macro_recall": 0.5211565387821162,
        "macro_precision": 0.634282524419034,
        "macro_f1_score": 0.5531921791519381,
        "micro_recall": 0.32377695949491747,
        "micro_precision": 0.14357359458827343,
        "micro_f1_score": 0.19893341909596055
      },
      "ocr_results_stderr,none": "N/A"
    },
    "cc-ocr-multi-lan-ru": {
      "alias": " - cc-ocr-multi-lan-ru",
      "ocr_results,none": {
        "macro_recall": 0.19506272242257666,
        "macro_precision": 0.23142373049754783,
        "macro_f1_score": 0.19991178658120082,
        "micro_recall": 0.09255631733592248,
        "micro_precision": 0.0638945233265612,
        "micro_f1_score": 0.075599999516766
      },
      "ocr_results_stderr,none": "N/A"
    }
  },
  "group_subtasks": {
    "cc-ocr-multi-lan": [
      "cc-ocr-multi-lan-de",
      "cc-ocr-multi-lan-fr",
      "cc-ocr-multi-lan-it",
      "cc-ocr-multi-lan-ru",
      "cc-ocr-multi-lan-es",
      "cc-ocr-multi-lan-ko",
      "cc-ocr-multi-lan-pt"
    ]
  },
  "configs": {
    "cc-ocr-multi-lan-de": {
      "task": "cc-ocr-multi-lan-de",
      "dataset_path": "wulipc/CC-OCR",
      "dataset_name": "multi_lan_ocr",
      "dataset_kwargs": {
        "token": true
      },
      "test_split": "test",
      "full_docs": false,
      "process_results_use_image": false,
      "process_docs": "<function ccocr_process_docs_de at 0x7f1da1c2ff40>",
      "doc_to_visual": "<function ccocr_doc_to_visual at 0x7f1da1c99630>",
      "doc_to_text": "<function ccocr_doc_to_text at 0x7f1da1c99e10>",
      "doc_to_target": "answer",
      "process_results": "<function ccocr_process_results at 0x7f1da1c9a5f0>",
      "description": "",
      "target_delimiter": " ",
      "fewshot_delimiter": "\n\n",
      "num_fewshot": 0,
      "metric_list": [
        {
          "metric": "ocr_results",
          "aggregation": "<function ccocr_multi_lan_ocr_aggregate_results at 0x7f1da1c98d30>",
          "higher_is_better": true
        }
      ],
      "output_type": "generate_until",
      "generation_kwargs": {
        "max_new_tokens": 1024,
        "temperature": 0.0,
        "do_sample": false,
        "until": [
          "\n\n"
        ]
      },
      "repeats": 1,
      "should_decontaminate": false,
      "metadata": [
        {
          "version": 0.0
        }
      ],
      "lmms_eval_specific_kwargs": {
        "default": {
          "post_prompt": "\nAnswer by providing the text in the image directly."
        },
        "post_prompt": "\nAnswer by providing the text in the image directly."
      }
    },
    "cc-ocr-multi-lan-es": {
      "task": "cc-ocr-multi-lan-es",
      "dataset_path": "wulipc/CC-OCR",
      "dataset_name": "multi_lan_ocr",
      "dataset_kwargs": {
        "token": true
      },
      "test_split": "test",
      "full_docs": false,
      "process_results_use_image": false,
      "process_docs": "<function ccocr_process_docs_es at 0x7f1da1c53130>",
      "doc_to_visual": "<function ccocr_doc_to_visual at 0x7f1da1c53c70>",
      "doc_to_text": "<function ccocr_doc_to_text at 0x7f1da1c2c3a0>",
      "doc_to_target": "answer",
      "process_results": "<function ccocr_process_results at 0x7f1da1c2cb80>",
      "description": "",
      "target_delimiter": " ",
      "fewshot_delimiter": "\n\n",
      "num_fewshot": 0,
      "metric_list": [
        {
          "metric": "ocr_results",
          "aggregation": "<function ccocr_multi_lan_ocr_aggregate_results at 0x7f1da1c2d360>",
          "higher_is_better": true
        }
      ],
      "output_type": "generate_until",
      "generation_kwargs": {
        "max_new_tokens": 1024,
        "temperature": 0.0,
        "do_sample": false,
        "until": [
          "\n\n"
        ]
      },
      "repeats": 1,
      "should_decontaminate": false,
      "metadata": [
        {
          "version": 0.0
        }
      ],
      "lmms_eval_specific_kwargs": {
        "default": {
          "post_prompt": "\nAnswer by providing the text directly."
        },
        "post_prompt": "\nAnswer by providing the text directly."
      }
    },
    "cc-ocr-multi-lan-fr": {
      "task": "cc-ocr-multi-lan-fr",
      "dataset_path": "wulipc/CC-OCR",
      "dataset_name": "multi_lan_ocr",
      "dataset_kwargs": {
        "token": true
      },
      "test_split": "test",
      "full_docs": false,
      "process_results_use_image": false,
      "process_docs": "<function ccocr_process_docs_fr at 0x7f1da1c16200>",
      "doc_to_visual": "<function ccocr_doc_to_visual at 0x7f1da1c16d40>",
      "doc_to_text": "<function ccocr_doc_to_text at 0x7f1da1c17520>",
      "doc_to_target": "answer",
      "process_results": "<function ccocr_process_results at 0x7f1da1c17d00>",
      "description": "",
      "target_delimiter": " ",
      "fewshot_delimiter": "\n\n",
      "num_fewshot": 0,
      "metric_list": [
        {
          "metric": "ocr_results",
          "aggregation": "<function ccocr_multi_lan_ocr_aggregate_results at 0x7f1da1c98430>",
          "higher_is_better": true
        }
      ],
      "output_type": "generate_until",
      "generation_kwargs": {
        "max_new_tokens": 1024,
        "temperature": 0.0,
        "do_sample": false,
        "until": [
          "\n\n"
        ]
      },
      "repeats": 1,
      "should_decontaminate": false,
      "metadata": [
        {
          "version": 0.0
        }
      ],
      "lmms_eval_specific_kwargs": {
        "default": {
          "post_prompt": "\nAnswer by providing the text directly."
        },
        "post_prompt": "\nAnswer by providing the text directly."
      }
    },