{
  "results": {
    "cc-ocr-multi-lan": {
      " ": " ",
      "alias": "cc-ocr-multi-lan"
    },
    "cc-ocr-multi-lan-de": {
      "alias": " - cc-ocr-multi-lan-de",
      "ocr_results,none": {
        "macro_recall": 0.3845442773622182,
        "macro_precision": 0.4627870820483559,
        "macro_f1_score": 0.3937333206356423,
        "micro_recall": 0.17480591034305665,
        "micro_precision": 0.08500791620995189,
        "micro_f1_score": 0.11438872456790337
      },
      "ocr_results_stderr,none": "N/A"
    },
    "cc-ocr-multi-lan-es": {
      "alias": " - cc-ocr-multi-lan-es",
      "ocr_results,none": {
        "macro_recall": 0.5415547264296953,
        "macro_precision": 0.6283237298907876,
        "macro_f1_score": 0.5612105967787888,
        "micro_recall": 0.40585885486007833,
        "micro_precision": 0.1593808826605146,
        "micro_f1_score": 0.22888037805865738
      },
      "ocr_results_stderr,none": "N/A"
    },
    "cc-ocr-multi-lan-fr": {
      "alias": " - cc-ocr-multi-lan-fr",
      "ocr_results,none": {
        "macro_recall": 0.5376650853704877,
        "macro_precision": 0.6325867737199868,
        "macro_f1_score": 0.5610037097200493,
        "micro_recall": 0.27753441802244133,
        "micro_precision": 0.14900050394756442,
        "micro_f1_score": 0.19390097232927264
      },
      "ocr_results_stderr,none": "N/A"
    },
    "cc-ocr-multi-lan-it": {
      "alias": " - cc-ocr-multi-lan-it",
      "ocr_results,none": {
        "macro_recall": 0.39393927969216225,
        "macro_precision": 0.5397627016647077,
        "macro_f1_score": 0.41865529048056105,
        "micro_recall": 0.20146892655364954,
        "micro_precision": 0.12033475062427479,
        "micro_f1_score": 0.15067393370171156
      },
      "ocr_results_stderr,none": "N/A"
    },
    "cc-ocr-multi-lan-ko": {
      "alias": " - cc-ocr-multi-lan-ko",
      "ocr_results,none": {
        "macro_recall": 0.18076848708102713,
        "macro_precision": 0.31769271944148864,
        "macro_f1_score": 0.15981794371021446,
        "micro_recall": 0.15018668726663126,
        "micro_precision": 0.043622153247820886,
        "micro_f1_score": 0.06760751095288914
      },
      "ocr_results_stderr,none": "N/A"
    },
    "cc-ocr-multi-lan-pt": {
      "alias": " - cc-ocr-multi-lan-pt",
      "ocr_results,none": {
        "macro_recall": 0.5405552800934976,
        "macro_precision": 0.6451986906862505,
        "macro_f1_score": 0.566509126515685,
        "micro_recall": 0.3624408206206306,
        "micro_precision": 0.1773487773487545,
        "micro_f1_score": 0.23816107802400888
      },
      "ocr_results_stderr,none": "N/A"
    },
    "cc-ocr-multi-lan-ru": {
      "alias": " - cc-ocr-multi-lan-ru",
      "ocr_results,none": {
        "macro_recall": 0.09541997582259248,
        "macro_precision": 0.10215585261271166,
        "macro_f1_score": 0.09171076288775193,
        "micro_recall": 0.05386875612143637,
        "micro_precision": 0.022044088176350497,
        "micro_f1_score": 0.0312855513512384
      },
      "ocr_results_stderr,none": "N/A"
    }
  },
  "group_subtasks": {
    "cc-ocr-multi-lan": [
      "cc-ocr-multi-lan-de",
      "cc-ocr-multi-lan-fr",
      "cc-ocr-multi-lan-it",
      "cc-ocr-multi-lan-ru",
      "cc-ocr-multi-lan-es",
      "cc-ocr-multi-lan-ko",
      "cc-ocr-multi-lan-pt"
    ]
  },
  "configs": {
    "cc-ocr-multi-lan-de": {
      "task": "cc-ocr-multi-lan-de",
      "dataset_path": "wulipc/CC-OCR",
      "dataset_name": "multi_lan_ocr",
      "dataset_kwargs": {
        "token": true
      },
      "test_split": "test",
      "full_docs": false,
      "process_results_use_image": false,
      "process_docs": "<function ccocr_process_docs_de at 0x7ee0a2d5aa70>",
      "doc_to_visual": "<function ccocr_doc_to_visual at 0x7ee0a2d5a560>",
      "doc_to_text": "<function ccocr_doc_to_text at 0x7ee0a2d5b1c0>",
      "doc_to_target": "answer",
      "process_results": "<function ccocr_process_results at 0x7ee0a2d5b9a0>",
      "description": "",
      "target_delimiter": " ",
      "fewshot_delimiter": "\n\n",
      "num_fewshot": 0,
      "metric_list": [
        {
          "metric": "ocr_results",
          "aggregation": "<function ccocr_multi_lan_ocr_aggregate_results at 0x7ee0a2d881f0>",
          "higher_is_better": true
        }
      ],
      "output_type": "generate_until",
      "generation_kwargs": {
        "max_new_tokens": 1024,
        "temperature": 0.0,
        "do_sample": false,
        "until": [
          "\n\n"
        ]
      },
      "repeats": 1,
      "should_decontaminate": false,
      "metadata": [
        {
          "version": 0.0
        }
      ],
      "lmms_eval_specific_kwargs": {
        "default": {
          "post_prompt": "\nAnswer by providing the text in the image directly."
        },
        "post_prompt": "\nAnswer by providing the text in the image directly."
      }
    },
    "cc-ocr-multi-lan-es": {
      "task": "cc-ocr-multi-lan-es",
      "dataset_path": "wulipc/CC-OCR",
      "dataset_name": "multi_lan_ocr",
      "dataset_kwargs": {
        "token": true
      },
      "test_split": "test",
      "full_docs": false,
      "process_results_use_image": false,
      "process_docs": "<function ccocr_process_docs_es at 0x7ee0a2d09510>",
      "doc_to_visual": "<function ccocr_doc_to_visual at 0x7ee0a2d08f70>",
      "doc_to_text": "<function ccocr_doc_to_text at 0x7ee0a2d09ea0>",
      "doc_to_target": "answer",
      "process_results": "<function ccocr_process_results at 0x7ee0a2d0a680>",
      "description": "",
      "target_delimiter": " ",
      "fewshot_delimiter": "\n\n",
      "num_fewshot": 0,
      "metric_list": [
        {
          "metric": "ocr_results",
          "aggregation": "<function ccocr_multi_lan_ocr_aggregate_results at 0x7ee0a2d0ae60>",
          "higher_is_better": true
        }
      ],
      "output_type": "generate_until",
      "generation_kwargs": {
        "max_new_tokens": 1024,
        "temperature": 0.0,
        "do_sample": false,
        "until": [
          "\n\n"
        ]
      },
      "repeats": 1,
      "should_decontaminate": false,
      "metadata": [
        {
          "version": 0.0
        }
      ],
      "lmms_eval_specific_kwargs": {
        "default": {
          "post_prompt": "\nAnswer by providing the text directly."
        },
        "post_prompt": "\nAnswer by providing the text directly."
      }
    },
    "cc-ocr-multi-lan-fr": {
      "task": "cc-ocr-multi-lan-fr",
      "dataset_path": "wulipc/CC-OCR",
      "dataset_name": "multi_lan_ocr",
      "dataset_kwargs": {
        "token": true
      },
      "test_split": "test",
      "full_docs": false,
      "process_results_use_image": false,
      "process_docs": "<function ccocr_process_docs_fr at 0x7ee0a2d58700>",
      "doc_to_visual": "<function ccocr_doc_to_visual at 0x7ee0a2d3bac0>",
      "doc_to_text": "<function ccocr_doc_to_text at 0x7ee0a2d58d30>",
      "doc_to_target": "answer",
      "process_results": "<function ccocr_process_results at 0x7ee0a2d59510>",
      "description": "",
      "target_delimiter": " ",
      "fewshot_delimiter": "\n\n",
      "num_fewshot": 0,
      "metric_list": [
        {
          "metric": "ocr_results",
          "aggregation": "<function ccocr_multi_lan_ocr_aggregate_results at 0x7ee0a2d59cf0>",
          "higher_is_better": true
        }
      ],
      "output_type": "generate_until",
      "generation_kwargs": {
        "max_new_tokens": 1024,
        "temperature": 0.0,
        "do_sample": false,
        "until": [
          "\n\n"
        ]
      },
      "repeats": 1,
      "should_decontaminate": false,
      "metadata": [
        {
          "version": 0.0
        }
      ],
      "lmms_eval_specific_kwargs": {
        "default": {
          "post_prompt": "\nAnswer by providing the text directly."
        },
        "post_prompt": "\nAnswer by providing the text directly."
      }
    },