{
  "results": {
    "cc-ocr-multi-lan": {
      " ": " ",
      "alias": "cc-ocr-multi-lan"
    },
    "cc-ocr-multi-lan-de": {
      "alias": " - cc-ocr-multi-lan-de",
      "ocr_results,none": {
        "macro_recall": 0.32682793244671443,
        "macro_precision": 0.42840121993361374,
        "macro_f1_score": 0.35154061533208375,
        "micro_recall": 0.1617831204607659,
        "micro_precision": 0.08842047632082009,
        "micro_f1_score": 0.11434640187945629
      },
      "ocr_results_stderr,none": "N/A"
    },
    "cc-ocr-multi-lan-es": {
      "alias": " - cc-ocr-multi-lan-es",
      "ocr_results,none": {
        "macro_recall": 0.4889711542966896,
        "macro_precision": 0.597677678307416,
        "macro_f1_score": 0.5095978891125498,
        "micro_recall": 0.3576564580558302,
        "micro_precision": 0.13872533829148448,
        "micro_f1_score": 0.1999106873019085
      },
      "ocr_results_stderr,none": "N/A"
    },
    "cc-ocr-multi-lan-fr": {
      "alias": " - cc-ocr-multi-lan-fr",
      "ocr_results,none": {
        "macro_recall": 0.4791598998047488,
        "macro_precision": 0.6091929083844563,
        "macro_f1_score": 0.5149181692637232,
        "micro_recall": 0.25031289111381405,
        "micro_precision": 0.1408698714562175,
        "micro_f1_score": 0.18028168967994138
      },
      "ocr_results_stderr,none": "N/A"
    },
    "cc-ocr-multi-lan-it": {
      "alias": " - cc-ocr-multi-lan-it",
      "ocr_results,none": {
        "macro_recall": 0.3740726105624504,
        "macro_precision": 0.5552450171452792,
        "macro_f1_score": 0.4109527800540975,
        "micro_recall": 0.1911864406779445,
        "micro_precision": 0.17284707324546195,
        "micro_f1_score": 0.18155480394354787
      },
      "ocr_results_stderr,none": "N/A"
    },
    "cc-ocr-multi-lan-ko": {
      "alias": " - cc-ocr-multi-lan-ko",
      "ocr_results,none": {
        "macro_recall": 0.1918219147105265,
        "macro_precision": 0.4186607893629466,
        "macro_f1_score": 0.1858905112515477,
        "micro_recall": 0.13460795674004541,
        "micro_precision": 0.04650076722930046,
        "micro_f1_score": 0.06912282403445828
      },
      "ocr_results_stderr,none": "N/A"
    },
    "cc-ocr-multi-lan-pt": {
      "alias": " - cc-ocr-multi-lan-pt",
      "ocr_results,none": {
        "macro_recall": 0.45190459881404593,
        "macro_precision": 0.5855885646594094,
        "macro_f1_score": 0.4869713644305522,
        "micro_recall": 0.25618095739077956,
        "micro_precision": 0.10403759880366331,
        "micro_f1_score": 0.14797933717653267
      },
      "ocr_results_stderr,none": "N/A"
    },
    "cc-ocr-multi-lan-ru": {
      "alias": " - cc-ocr-multi-lan-ru",
      "ocr_results,none": {
        "macro_recall": 0.07891230138198452,
        "macro_precision": 0.10219051726026522,
        "macro_f1_score": 0.08073254688551672,
        "micro_recall": 0.03403525954945298,
        "micro_precision": 0.016846442855409424,
        "micro_f1_score": 0.022537494490174413
      },
      "ocr_results_stderr,none": "N/A"
    }
  },
  "group_subtasks": {
    "cc-ocr-multi-lan": [
      "cc-ocr-multi-lan-de",
      "cc-ocr-multi-lan-fr",
      "cc-ocr-multi-lan-it",
      "cc-ocr-multi-lan-ru",
      "cc-ocr-multi-lan-es",
      "cc-ocr-multi-lan-ko",
      "cc-ocr-multi-lan-pt"
    ]
  },
  "configs": {
    "cc-ocr-multi-lan-de": {
      "task": "cc-ocr-multi-lan-de",
      "dataset_path": "wulipc/CC-OCR",
      "dataset_name": "multi_lan_ocr",
      "dataset_kwargs": {
        "token": true
      },
      "test_split": "test",
      "full_docs": false,
      "process_results_use_image": false,
      "process_docs": "<function ccocr_process_docs_de at 0x7fa9f32ce9e0>",
      "doc_to_visual": "<function ccocr_doc_to_visual at 0x7fa9f32ce560>",
      "doc_to_text": "<function ccocr_doc_to_text at 0x7fa9f32cf0a0>",
      "doc_to_target": "answer",
      "process_results": "<function ccocr_process_results at 0x7fa9f32cf880>",
      "description": "",
      "target_delimiter": " ",
      "fewshot_delimiter": "\n\n",
      "num_fewshot": 0,
      "metric_list": [
        {
          "metric": "ocr_results",
          "aggregation": "<function ccocr_multi_lan_ocr_aggregate_results at 0x7fa9f13180d0>",
          "higher_is_better": true
        }
      ],
      "output_type": "generate_until",
      "generation_kwargs": {
        "max_new_tokens": 1024,
        "temperature": 0.0,
        "do_sample": false,
        "until": [
          "\n\n"
        ]
      },
      "repeats": 1,
      "should_decontaminate": false,
      "metadata": [
        {
          "version": 0.0
        }
      ],
      "lmms_eval_specific_kwargs": {
        "default": {
          "post_prompt": "\nAnswer by providing the text in the image directly."
        },
        "post_prompt": "\nAnswer by providing the text in the image directly."
      }
    },
    "cc-ocr-multi-lan-es": {
      "task": "cc-ocr-multi-lan-es",
      "dataset_path": "wulipc/CC-OCR",
      "dataset_name": "multi_lan_ocr",
      "dataset_kwargs": {
        "token": true
      },
      "test_split": "test",
      "full_docs": false,
      "process_results_use_image": false,
      "process_docs": "<function ccocr_process_docs_es at 0x7fa9f3281480>",
      "doc_to_visual": "<function ccocr_doc_to_visual at 0x7fa9f3280ee0>",
      "doc_to_text": "<function ccocr_doc_to_text at 0x7fa9f3281e10>",
      "doc_to_target": "answer",
      "process_results": "<function ccocr_process_results at 0x7fa9f32825f0>",
      "description": "",
      "target_delimiter": " ",
      "fewshot_delimiter": "\n\n",
      "num_fewshot": 0,
      "metric_list": [
        {
          "metric": "ocr_results",
          "aggregation": "<function ccocr_multi_lan_ocr_aggregate_results at 0x7fa9f3282dd0>",
          "higher_is_better": true
        }
      ],
      "output_type": "generate_until",
      "generation_kwargs": {
        "max_new_tokens": 1024,
        "temperature": 0.0,
        "do_sample": false,
        "until": [
          "\n\n"
        ]
      },
      "repeats": 1,
      "should_decontaminate": false,
      "metadata": [
        {
          "version": 0.0
        }
      ],
      "lmms_eval_specific_kwargs": {
        "default": {
          "post_prompt": "\nAnswer by providing the text directly."
        },
        "post_prompt": "\nAnswer by providing the text directly."
      }
    },
    "cc-ocr-multi-lan-fr": {
      "task": "cc-ocr-multi-lan-fr",
      "dataset_path": "wulipc/CC-OCR",
      "dataset_name": "multi_lan_ocr",
      "dataset_kwargs": {
        "token": true
      },
      "test_split": "test",
      "full_docs": false,
      "process_results_use_image": false,
      "process_docs": "<function ccocr_process_docs_fr at 0x7fa9f32cc670>",
      "doc_to_visual": "<function ccocr_doc_to_visual at 0x7fa9f32b79a0>",
      "doc_to_text": "<function ccocr_doc_to_text at 0x7fa9f32ccca0>",
      "doc_to_target": "answer",
      "process_results": "<function ccocr_process_results at 0x7fa9f32cd480>",
      "description": "",
      "target_delimiter": " ",
      "fewshot_delimiter": "\n\n",
      "num_fewshot": 0,
      "metric_list": [
        {
          "metric": "ocr_results",
          "aggregation": "<function ccocr_multi_lan_ocr_aggregate_results at 0x7fa9f32cdc60>",
          "higher_is_better": true
        }
      ],
      "output_type": "generate_until",
      "generation_kwargs": {
        "max_new_tokens": 1024,
        "temperature": 0.0,
        "do_sample": false,
        "until": [
          "\n\n"
        ]
      },
      "repeats": 1,
      "should_decontaminate": false,
      "metadata": [
        {
          "version": 0.0
        }
      ],
      "lmms_eval_specific_kwargs": {
        "default": {
          "post_prompt": "\nAnswer by providing the text directly."
        },
        "post_prompt": "\nAnswer by providing the text directly."
      }
    },